{"(9, 0)": {"0": 535.4179927660703, "1": 328.21920730988813, "2": 251.22989847774375}, "(5, 0)": {"0": 83.08801086083083, "1": 464.7393073978365, "2": 22.477706630174016}, "(6, 0)": {"0": 13.267310538337963, "1": 261.9870475171115, "2": 28.960825596624122}, "(10, 0)": {"0": 143.86938406067102, "1": 83.33754763206404, "2": 414.285192712329}, "(10, 1)": {"0": -16.313341583600085, "1": -1.700704920381316, "2": 333.35120211551015}, "(10, 7)": {"0": 3.2515030733497814, "1": -5.135572123312896, "2": -5.140230162886626}, "(6, 1)": {"0": -3.851637767332564, "1": -4.244764790300403, "2": 235.9425729512307}, "(6, 4)": {"0": 1.537571958382581, "1": 291.2075090648787, "2": -8.653137575289039}, "(10, 2)": {"0": 19.713722367822072, "1": -16.41858855210138, "2": 457.18199720671237}, "(6, 7)": {"0": -2.6837942671235573, "1": -2.754563412619133, "2": 8.51655093199199}, "(5, 4)": {"0": 0.6217096462707179, "1": 156.50373936797007, "2": -4.234372518333576}, "(9, 2)": {"0": 549.5060320760664, "1": -59.65731894164748, "2": 100.59136635836117}, "(9, 4)": {"0": 497.3849210938813, "1": 52.147853751898914, "2": -31.685972547228758}, "(6, 2)": {"0": 8.697485196959562, "1": -9.113871069748015, "2": 384.3708988593552}, "(5, 2)": {"0": 399.6746429195522, "1": -4.384041519500957, "2": 3.0229198220926694}, "(10, 4)": {"0": 10.097562830471237, "1": 324.56044583491956, "2": -7.253842100621791}, "(6, 6)": {"0": 178.75235051268908, "1": -1.047058804912423, "2": -0.8551269929003479}, "(6, 5)": {"0": -1.1402075115440198, "1": 1.2849469697581388, "2": -0.7573546307698755}, "(5, 5)": {"0": -0.14991263327163015, "1": 15.042796124057707, "2": -0.44995602045127403}, "(9, 5)": {"0": -1.9436682743437121, "1": 314.8722723188646, "2": -4.399443997285266}, "(10, 3)": {"0": -0.8979014977508999, "1": -0.5999809288921865, "2": 177.398167900789}, "(10, 6)": {"0": 326.9989406276881, "1": -1.0497111546579228, "2": -0.2380560787141655}, "(6, 3)": {"0": -0.7236747605176963, "1": -0.7725378392670783, "2": 361.7247647794074}, "(9, 6)": {"0": 227.5388341121155, "1": -0.5769672007501458, "2": -0.5988581887078681}, "(5, 6)": {"0": 13.378090254575337, "1": -0.4461277740035037, "2": -0.29982527166193695}, "(9, 3)": {"0": -1.3173109847464377, "1": -0.9433630774161971, "2": 350.3784103414962}, "(5, 3)": {"0": -0.5984775835680683, "1": -0.9298617535112332, "2": 330.8833382197481}, "(5, 7)": {"0": -2.786732130735422, "1": -2.8225048134453923, "2": -2.3877623203559124}, "(10, 5)": {"0": -0.8186930852080097, "1": 202.53294118137313, "2": -0.9104973332274803}, "(9, 7)": {"0": -22.84563723651728, "1": 34.43124007051554, "2": -22.91668802132037}, "(9, 1)": {"0": -1.0667027727746479, "1": 325.24399422653244, "2": 0.613970622316325}, "(5, 1)": {"0": -0.14991994652719198, "1": 48.016027979482324, "2": -0.5305872660179941}}